Winter,2010,Alpine Skiing
Winter,2010,Biathlon
Winter,2010,Bobsleigh
Winter,2010,Cross Country Skiing
Winter,2010,Curling
Winter,2010,Figure Skating
Winter,2010,Freestyle Skiing
Winter,2010,Ice Hockey
Winter,2010,Luge
Winter,2010,Nordic Combined
Winter,2010,Short Track Speed Skating
Winter,2010,Skeleton
Winter,2010,Ski Jumping
Winter,2010,Snowboarding
Winter,2010,Speed Skating
Winter,2006,Alpine Skiing
Winter,2006,Biathlon
Winter,2006,Bobsleigh
Winter,2006,Cross Country Skiing
Winter,2006,Curling
Winter,2006,Figure Skating
Winter,2006,Freestyle Skiing
Winter,2006,Ice Hockey
Winter,2006,Luge
Winter,2006,Nordic Combined
Winter,2006,Short Track Speed Skating
Winter,2006,Skeleton
Winter,2006,Ski Jumping
Winter,2006,Snowboarding
Winter,2006,Speed Skating
Winter,2002,Alpine Skiing
Winter,2002,Biathlon
Winter,2002,Bobsleigh
Winter,2002,Cross Country Skiing
Winter,2002,Curling
Winter,2002,Figure Skating
Winter,2002,Freestyle Skiing
Winter,2002,Ice Hockey
Winter,2002,Luge
Winter,2002,Nordic Combined
Winter,2002,Short Track Speed Skating
Winter,2002,Skeleton
Winter,2002,Ski Jumping
Winter,2002,Snowboarding
Winter,2002,Speed Skating
Winter,1998,Alpine Skiing
Winter,1998,Biathlon
Winter,1998,Bobsleigh
Winter,1998,Cross Country Skiing
Winter,1998,Curling
Winter,1998,Figure Skating
Winter,1998,Freestyle Skiing
Winter,1998,Ice Hockey
Winter,1998,Luge
Winter,1998,Nordic Combined
Winter,1998,Short Track Speed Skating
Winter,1998,Ski Jumping
Winter,1998,Snowboarding
Winter,1998,Speed Skating
Winter,1994,Alpine Skiing
Winter,1994,Biathlon
Winter,1994,Bobsleigh
Winter,1994,Cross Country Skiing
Winter,1994,Figure Skating
Winter,1994,Freestyle Skiing
Winter,1994,Ice Hockey
Winter,1994,Luge
Winter,1994,Nordic Combined
Winter,1994,Short Track Speed Skating
Winter,1994,Ski Jumping
Winter,1994,Speed Skating
Winter,1992,Alpine Skiing
Winter,1992,Biathlon
Winter,1992,Bobsleigh
Winter,1992,Cross Country Skiing
Winter,1992,Curling
Winter,1992,Figure Skating
Winter,1992,Freestyle Skiing
Winter,1992,Ice Hockey
Winter,1992,Luge
Winter,1992,Nordic Combined
Winter,1992,Short Track Speed Skating
Winter,1992,Ski Jumping
Winter,1992,Speed Skating
Winter,1992,Speed Skiing
Winter,1988,Alpine Skiing
Winter,1988,Biathlon
Winter,1988,Bobsleigh
Winter,1988,Cross Country Skiing
Winter,1988,Curling
Winter,1988,Figure Skating
Winter,1988,Freestyle Skiing
Winter,1988,Ice Hockey
Winter,1988,Luge
Winter,1988,Nordic Combined
Winter,1988,Short Track Speed Skating
Winter,1988,Ski Jumping
Winter,1988,Speed Skating
Winter,1984,Alpine Skiing
Winter,1984,Biathlon
Winter,1984,Bobsleigh
Winter,1984,Cross Country Skiing
Winter,1984,Figure Skating
Winter,1984,Ice Hockey
Winter,1984,Luge
Winter,1984,Nordic Combined
Winter,1984,Ski Jumping
Winter,1984,Speed Skating
Winter,1980,Alpine Skiing
Winter,1980,Biathlon
Winter,1980,Bobsleigh
Winter,1980,Cross Country Skiing
Winter,1980,Figure Skating
Winter,1980,Ice Hockey
Winter,1980,Luge
Winter,1980,Nordic Combined
Winter,1980,Ski Jumping
Winter,1980,Speed Skating
Winter,1976,Alpine Skiing
Winter,1976,Biathlon
Winter,1976,Bobsleigh
Winter,1976,Cross Country Skiing
Winter,1976,Figure Skating
Winter,1976,Ice Hockey
Winter,1976,Luge
Winter,1976,Nordic Combined
Winter,1976,Ski Jumping
Winter,1976,Speed Skating
Winter,1972,Alpine Skiing
Winter,1972,Biathlon
Winter,1972,Bobsleigh
Winter,1972,Cross Country Skiing
Winter,1972,Figure Skating
Winter,1972,Ice Hockey
Winter,1972,Luge
Winter,1972,Nordic Combined
Winter,1972,Ski Jumping
Winter,1972,Speed Skating
Winter,1968,Alpine Skiing
Winter,1968,Biathlon
Winter,1968,Bobsleigh
Winter,1968,Cross Country Skiing
Winter,1968,Figure Skating
Winter,1968,Ice Hockey
Winter,1968,Luge
Winter,1968,Nordic Combined
Winter,1968,Ski Jumping
Winter,1968,Speed Skating
Winter,1964,Alpine Skiing
Winter,1964,Biathlon
Winter,1964,Bobsleigh
Winter,1964,Cross Country Skiing
Winter,1964,Eisstockschie En
Winter,1964,Figure Skating
Winter,1964,Ice Hockey
Winter,1964,Luge
Winter,1964,Nordic Combined
Winter,1964,Ski Jumping
Winter,1964,Speed Skating
Winter,1960,Alpine Skiing
Winter,1960,Biathlon
Winter,1960,Cross Country Skiing
Winter,1960,Figure Skating
Winter,1960,Ice Hockey
Winter,1960,Nordic Combined
Winter,1960,Ski Jumping
Winter,1960,Speed Skating
Winter,1956,Alpine Skiing
Winter,1956,Bobsleigh
Winter,1956,Cross Country Skiing
Winter,1956,Figure Skating
Winter,1956,Ice Hockey
Winter,1956,Nordic Combined
Winter,1956,Ski Jumping
Winter,1956,Speed Skating
Winter,1952,Alpine Skiing
Winter,1952,Bandy
Winter,1952,Bobsleigh
Winter,1952,Cross Country Skiing
Winter,1952,Figure Skating
Winter,1952,Ice Hockey
Winter,1952,Nordic Combined
Winter,1952,Ski Jumping
Winter,1952,Speed Skating
Winter,1948,Alpine Skiing
Winter,1948,Bobsleigh
Winter,1948,Cross Country Skiing
Winter,1948,Figure Skating
Winter,1948,Ice Hockey
Winter,1948,Military Ski Patrol
Winter,1948,Nordic Combined
Winter,1948,Skeleton
Winter,1948,Ski Jumping
Winter,1948,Speed Skating
Winter,1948,Winter Pentathlon
Winter,1936,Alpine Skiing
Winter,1936,Bobsleigh
Winter,1936,Cross Country Skiing
Winter,1936,Eisstockschie En
Winter,1936,Figure Skating
Winter,1936,Ice Hockey
Winter,1936,Military Ski Patrol
Winter,1936,Nordic Combined
Winter,1936,Ski Jumping
Winter,1936,Speed Skating
Winter,1932,Bobsleigh
Winter,1932,Cross Country Skiing
Winter,1932,Curling
Winter,1932,Dogsled Racing
Winter,1932,Figure Skating
Winter,1932,Ice Hockey
Winter,1932,Nordic Combined
Winter,1932,Ski Jumping
Winter,1932,Speed Skating
Winter,1928,Bobsleigh
Winter,1928,Cross Country Skiing
Winter,1928,Figure Skating
Winter,1928,Ice Hockey
Winter,1928,Military Ski Patrol
Winter,1928,Nordic Combined
Winter,1928,Skeleton
Winter,1928,Ski Joring
Winter,1928,Ski Jumping
Winter,1928,Speed Skating
Winter,1924,Alpinism
Winter,1924,Bobsleigh
Winter,1924,Cross Country Skiing
Winter,1924,Curling
Winter,1924,Figure Skating
Winter,1924,Ice Hockey
Winter,1924,Military Ski Patrol
Winter,1924,Nordic Combined
Winter,1924,Ski Jumping
Winter,1924,Speed Skating
Summer,2012,Archery
Summer,2012,Athletics
Summer,2012,Badminton
Summer,2012,Basketball
Summer,2012,Beach Volleyball
Summer,2012,Boxing
Summer,2012,Canoeing
Summer,2012,Cycling
Summer,2012,Diving
Summer,2012,Equestrianism
Summer,2012,Fencing
Summer,2012,Football
Summer,2012,Gymnastics
Summer,2012,Handball
Summer,2012,Hockey
Summer,2012,Judo
Summer,2012,Modern Pentathlon
Summer,2012,Rhythmic Gymnastics
Summer,2012,Rowing
Summer,2012,Sailing
Summer,2012,Shooting
Summer,2012,Swimming
Summer,2012,Synchronized Swimming
Summer,2012,Table Tennis
Summer,2012,Taekwondo
Summer,2012,Tennis
Summer,2012,Trampolining
Summer,2012,Triathlon
Summer,2012,Volleyball
Summer,2012,Water Polo
Summer,2012,Weightlifting
Summer,2012,Wrestling
Summer,2008,Archery
Summer,2008,Athletics
Summer,2008,Badminton
Summer,2008,Baseball
Summer,2008,Basketball
Summer,2008,Beach Volleyball
Summer,2008,Boxing
Summer,2008,Canoeing
Summer,2008,Cycling
Summer,2008,Diving
Summer,2008,Equestrianism
Summer,2008,Fencing
Summer,2008,Football
Summer,2008,Gymnastics
Summer,2008,Handball
Summer,2008,Hockey
Summer,2008,Judo
Summer,2008,Modern Pentathlon
Summer,2008,Rhythmic Gymnastics
Summer,2008,Rowing
Summer,2008,Sailing
Summer,2008,Shooting
Summer,2008,Softball
Summer,2008,Swimming
Summer,2008,Synchronized Swimming
Summer,2008,Table Tennis
Summer,2008,Taekwondo
Summer,2008,Tennis
Summer,2008,Trampolining
Summer,2008,Triathlon
Summer,2008,Volleyball
Summer,2008,Water Polo
Summer,2008,Weightlifting
Summer,2008,Wrestling
Summer,2008,Wushu
Summer,2004,Archery
Summer,2004,Athletics
Summer,2004,Badminton
Summer,2004,Baseball
Summer,2004,Basketball
Summer,2004,Beach Volleyball
Summer,2004,Boxing
Summer,2004,Canoeing
Summer,2004,Cycling
Summer,2004,Diving
Summer,2004,Equestrianism
Summer,2004,Fencing
Summer,2004,Football
Summer,2004,Gymnastics
Summer,2004,Handball
Summer,2004,Hockey
Summer,2004,Judo
Summer,2004,Modern Pentathlon
Summer,2004,Rhythmic Gymnastics
Summer,2004,Rowing
Summer,2004,Sailing
Summer,2004,Shooting
Summer,2004,Softball
Summer,2004,Swimming
Summer,2004,Synchronized Swimming
Summer,2004,Table Tennis
Summer,2004,Taekwondo
Summer,2004,Tennis
Summer,2004,Trampolining
Summer,2004,Triathlon
Summer,2004,Volleyball
Summer,2004,Water Polo
Summer,2004,Weightlifting
Summer,2004,Wrestling
Summer,2000,Archery
Summer,2000,Athletics
Summer,2000,Badminton
Summer,2000,Baseball
Summer,2000,Basketball
Summer,2000,Beach Volleyball
Summer,2000,Boxing
Summer,2000,Canoeing
Summer,2000,Cycling
Summer,2000,Diving
Summer,2000,Equestrianism
Summer,2000,Fencing
Summer,2000,Football
Summer,2000,Gymnastics
Summer,2000,Handball
Summer,2000,Hockey
Summer,2000,Judo
Summer,2000,Modern Pentathlon
Summer,2000,Rhythmic Gymnastics
Summer,2000,Rowing
Summer,2000,Sailing
Summer,2000,Shooting
Summer,2000,Softball
Summer,2000,Swimming
Summer,2000,Synchronized Swimming
Summer,2000,Table Tennis
Summer,2000,Taekwondo
Summer,2000,Tennis
Summer,2000,Trampolining
Summer,2000,Triathlon
Summer,2000,Volleyball
Summer,2000,Water Polo
Summer,2000,Weightlifting
Summer,2000,Wrestling
Summer,1996,Archery
Summer,1996,Athletics
Summer,1996,Badminton
Summer,1996,Baseball
Summer,1996,Basketball
Summer,1996,Beach Volleyball
Summer,1996,Boxing
Summer,1996,Canoeing
Summer,1996,Cycling
Summer,1996,Diving
Summer,1996,Equestrianism
Summer,1996,Fencing
Summer,1996,Football
Summer,1996,Gymnastics
Summer,1996,Handball
Summer,1996,Hockey
Summer,1996,Judo
Summer,1996,Modern Pentathlon
Summer,1996,Rhythmic Gymnastics
Summer,1996,Rowing
Summer,1996,Sailing
Summer,1996,Shooting
Summer,1996,Softball
Summer,1996,Swimming
Summer,1996,Synchronized Swimming
Summer,1996,Table Tennis
Summer,1996,Tennis
Summer,1996,Volleyball
Summer,1996,Water Polo
Summer,1996,Weightlifting
Summer,1996,Wrestling
Summer,1992,Archery
Summer,1992,Athletics
Summer,1992,Badminton
Summer,1992,Baseball
Summer,1992,Basketball
Summer,1992,Boxing
Summer,1992,Canoeing
Summer,1992,Cycling
Summer,1992,Diving
Summer,1992,Equestrianism
Summer,1992,Fencing
Summer,1992,Football
Summer,1992,Gymnastics
Summer,1992,Handball
Summer,1992,Hockey
Summer,1992,Judo
Summer,1992,Modern Pentathlon
Summer,1992,Pelota
Summer,1992,Rhythmic Gymnastics
Summer,1992,Roller Hockey
Summer,1992,Rowing
Summer,1992,Sailing
Summer,1992,Shooting
Summer,1992,Swimming
Summer,1992,Synchronized Swimming
Summer,1992,Table Tennis
Summer,1992,Taekwondo
Summer,1992,Tennis
Summer,1992,Volleyball
Summer,1992,Water Polo
Summer,1992,Weightlifting
Summer,1992,Wrestling
Summer,1988,Archery
Summer,1988,Athletics
Summer,1988,Baseball
Summer,1988,Basketball
Summer,1988,Bowling
Summer,1988,Boxing
Summer,1988,Canoeing
Summer,1988,Cycling
Summer,1988,Diving
Summer,1988,Equestrianism
Summer,1988,Fencing
Summer,1988,Football
Summer,1988,Gymnastics
Summer,1988,Handball
Summer,1988,Hockey
Summer,1988,Judo
Summer,1988,Modern Pentathlon
Summer,1988,Rhythmic Gymnastics
Summer,1988,Rowing
Summer,1988,Sailing
Summer,1988,Shooting
Summer,1988,Swimming
Summer,1988,Synchronized Swimming
Summer,1988,Table Tennis
Summer,1988,Taekwondo
Summer,1988,Tennis
Summer,1988,Volleyball
Summer,1988,Water Polo
Summer,1988,Weightlifting
Summer,1988,Wrestling
Summer,1984,Archery
Summer,1984,Athletics
Summer,1984,Baseball
Summer,1984,Basketball
Summer,1984,Boxing
Summer,1984,Canoeing
Summer,1984,Cycling
Summer,1984,Diving
Summer,1984,Equestrianism
Summer,1984,Fencing
Summer,1984,Football
Summer,1984,Gymnastics
Summer,1984,Handball
Summer,1984,Hockey
Summer,1984,Judo
Summer,1984,Modern Pentathlon
Summer,1984,Rhythmic Gymnastics
Summer,1984,Rowing
Summer,1984,Sailing
Summer,1984,Shooting
Summer,1984,Swimming
Summer,1984,Synchronized Swimming
Summer,1984,Tennis
Summer,1984,Volleyball
Summer,1984,Water Polo
Summer,1984,Weightlifting
Summer,1984,Wrestling
Summer,1980,Archery
Summer,1980,Athletics
Summer,1980,Basketball
Summer,1980,Boxing
Summer,1980,Canoeing
Summer,1980,Cycling
Summer,1980,Diving
Summer,1980,Equestrianism
Summer,1980,Fencing
Summer,1980,Football
Summer,1980,Gymnastics
Summer,1980,Handball
Summer,1980,Hockey
Summer,1980,Judo
Summer,1980,Modern Pentathlon
Summer,1980,Rowing
Summer,1980,Sailing
Summer,1980,Shooting
Summer,1980,Swimming
Summer,1980,Volleyball
Summer,1980,Water Polo
Summer,1980,Weightlifting
Summer,1980,Wrestling
Summer,1976,Archery
Summer,1976,Athletics
Summer,1976,Basketball
Summer,1976,Boxing
Summer,1976,Canoeing
Summer,1976,Cycling
Summer,1976,Diving
Summer,1976,Equestrianism
Summer,1976,Fencing
Summer,1976,Football
Summer,1976,Gymnastics
Summer,1976,Handball
Summer,1976,Hockey
Summer,1976,Judo
Summer,1976,Modern Pentathlon
Summer,1976,Rowing
Summer,1976,Sailing
Summer,1976,Shooting
Summer,1976,Swimming
Summer,1976,Volleyball
Summer,1976,Water Polo
Summer,1976,Weightlifting
Summer,1976,Wrestling
Summer,1972,Archery
Summer,1972,Athletics
Summer,1972,Badminton
Summer,1972,Basketball
Summer,1972,Boxing
Summer,1972,Canoeing
Summer,1972,Cycling
Summer,1972,Diving
Summer,1972,Equestrianism
Summer,1972,Fencing
Summer,1972,Football
Summer,1972,Gymnastics
Summer,1972,Handball
Summer,1972,Hockey
Summer,1972,Judo
Summer,1972,Modern Pentathlon
Summer,1972,Rowing
Summer,1972,Sailing
Summer,1972,Shooting
Summer,1972,Swimming
Summer,1972,Volleyball
Summer,1972,Water Polo
Summer,1972,Water Skiing
Summer,1972,Weightlifting
Summer,1972,Wrestling
Summer,1968,Athletics
Summer,1968,Basketball
Summer,1968,Boxing
Summer,1968,Canoeing
Summer,1968,Cycling
Summer,1968,Diving
Summer,1968,Equestrianism
Summer,1968,Fencing
Summer,1968,Football
Summer,1968,Gymnastics
Summer,1968,Hockey
Summer,1968,Modern Pentathlon
Summer,1968,Pelota
Summer,1968,Rowing
Summer,1968,Sailing
Summer,1968,Shooting
Summer,1968,Swimming
Summer,1968,Tennis
Summer,1968,Volleyball
Summer,1968,Water Polo
Summer,1968,Weightlifting
Summer,1968,Wrestling
Summer,1964,Athletics
Summer,1964,Baseball
Summer,1964,Basketball
Summer,1964,Boxing
Summer,1964,Canoeing
Summer,1964,Cycling
Summer,1964,Diving
Summer,1964,Equestrianism
Summer,1964,Fencing
Summer,1964,Football
Summer,1964,Gymnastics
Summer,1964,Hockey
Summer,1964,Judo
Summer,1964,Modern Pentathlon
Summer,1964,Rowing
Summer,1964,Sailing
Summer,1964,Shooting
Summer,1964,Swimming
Summer,1964,Volleyball
Summer,1964,Water Polo
Summer,1964,Weightlifting
Summer,1964,Wrestling
Summer,1960,Athletics
Summer,1960,Basketball
Summer,1960,Boxing
Summer,1960,Canoeing
Summer,1960,Cycling
Summer,1960,Diving
Summer,1960,Equestrianism
Summer,1960,Fencing
Summer,1960,Football
Summer,1960,Gymnastics
Summer,1960,Hockey
Summer,1960,Modern Pentathlon
Summer,1960,Rowing
Summer,1960,Sailing
Summer,1960,Shooting
Summer,1960,Swimming
Summer,1960,Water Polo
Summer,1960,Weightlifting
Summer,1960,Wrestling
Summer,1956,Athletics
Summer,1956,Australian Rules Football
Summer,1956,Baseball
Summer,1956,Basketball
Summer,1956,Boxing
Summer,1956,Canoeing
Summer,1956,Cycling
Summer,1956,Diving
Summer,1956,Fencing
Summer,1956,Football
Summer,1956,Gymnastics
Summer,1956,Hockey
Summer,1956,Modern Pentathlon
Summer,1956,Rowing
Summer,1956,Sailing
Summer,1956,Shooting
Summer,1956,Swimming
Summer,1956,Water Polo
Summer,1956,Weightlifting
Summer,1956,Wrestling
Summer,1952,Athletics
Summer,1952,Basketball
Summer,1952,Boxing
Summer,1952,Canoeing
Summer,1952,Cycling
Summer,1952,Diving
Summer,1952,Equestrianism
Summer,1952,Fencing
Summer,1952,Football
Summer,1952,Gymnastics
Summer,1952,Handball
Summer,1952,Hockey
Summer,1952,Modern Pentathlon
Summer,1952,Pes Pallo
Summer,1952,Rowing
Summer,1952,Sailing
Summer,1952,Shooting
Summer,1952,Swimming
Summer,1952,Water Polo
Summer,1952,Weightlifting
Summer,1952,Wrestling
Summer,1948,Art Competitions
Summer,1948,Athletics
Summer,1948,Basketball
Summer,1948,Boxing
Summer,1948,Canoeing
Summer,1948,Cycling
Summer,1948,Diving
Summer,1948,Equestrianism
Summer,1948,Fencing
Summer,1948,Football
Summer,1948,Gymnastics
Summer,1948,Hockey
Summer,1948,Lacrosse
Summer,1948,Modern Pentathlon
Summer,1948,Rowing
Summer,1948,Sailing
Summer,1948,Shooting
Summer,1948,Swimming
Summer,1948,Water Polo
Summer,1948,Weightlifting
Summer,1948,Wrestling
Summer,1936,Aeronautics
Summer,1936,Alpinism
Summer,1936,Art Competitions
Summer,1936,Athletics
Summer,1936,Baseball
Summer,1936,Basketball
Summer,1936,Boxing
Summer,1936,Canoeing
Summer,1936,Cycling
Summer,1936,Diving
Summer,1936,Equestrianism
Summer,1936,Fencing
Summer,1936,Football
Summer,1936,Gliding
Summer,1936,Gymnastics
Summer,1936,Handball
Summer,1936,Hockey
Summer,1936,Modern Pentathlon
Summer,1936,Polo
Summer,1936,Rowing
Summer,1936,Sailing
Summer,1936,Shooting
Summer,1936,Swimming
Summer,1936,Water Polo
Summer,1936,Weightlifting
Summer,1936,Wrestling
Summer,1932,Alpinism
Summer,1932,American Football
Summer,1932,Art Competitions
Summer,1932,Athletics
Summer,1932,Boxing
Summer,1932,Cycling
Summer,1932,Diving
Summer,1932,Equestrianism
Summer,1932,Fencing
Summer,1932,Gymnastics
Summer,1932,Hockey
Summer,1932,Lacrosse
Summer,1932,Modern Pentathlon
Summer,1932,Rowing
Summer,1932,Sailing
Summer,1932,Shooting
Summer,1932,Swimming
Summer,1932,Water Polo
Summer,1932,Weightlifting
Summer,1932,Wrestling
Summer,1928,Art Competitions
Summer,1928,Athletics
Summer,1928,Boxing
Summer,1928,Cycling
Summer,1928,Diving
Summer,1928,Equestrianism
Summer,1928,Fencing
Summer,1928,Football
Summer,1928,Gymnastics
Summer,1928,Hockey
Summer,1928,Kaatsen
Summer,1928,Korfball
Summer,1928,Lacrosse
Summer,1928,Modern Pentathlon
Summer,1928,Rowing
Summer,1928,Sailing
Summer,1928,Swimming
Summer,1928,Water Polo
Summer,1928,Weightlifting
Summer,1928,Wrestling
Summer,1924,Art Competitions
Summer,1924,Athletics
Summer,1924,Boxing
Summer,1924,Canne De Combat
Summer,1924,Canoeing
Summer,1924,Cycling
Summer,1924,Diving
Summer,1924,Equestrianism
Summer,1924,Fencing
Summer,1924,Football
Summer,1924,Gymnastics
Summer,1924,Modern Pentathlon
Summer,1924,Pelota
Summer,1924,Polo
Summer,1924,Rowing
Summer,1924,Rugby
Summer,1924,Sailing
Summer,1924,Savate
Summer,1924,Shooting
Summer,1924,Swimming
Summer,1924,Tennis
Summer,1924,Water Polo
Summer,1924,Weightlifting
Summer,1924,Wrestling
Summer,1920,Archery
Summer,1920,Art Competitions
Summer,1920,Athletics
Summer,1920,Boxing
Summer,1920,Cycling
Summer,1920,Diving
Summer,1920,Equestrianism
Summer,1920,Fencing
Summer,1920,Figure Skating
Summer,1920,Football
Summer,1920,Gymnastics
Summer,1920,Hockey
Summer,1920,Ice Hockey
Summer,1920,Korfball
Summer,1920,Modern Pentathlon
Summer,1920,Polo
Summer,1920,Rowing
Summer,1920,Rugby
Summer,1920,Sailing
Summer,1920,Shooting
Summer,1920,Swimming
Summer,1920,Tennis
Summer,1920,Tug-Of-War
Summer,1920,Water Polo
Summer,1920,Weightlifting
Summer,1920,Wrestling
Summer,1912,Art Competitions
Summer,1912,Athletics
Summer,1912,Baseball
Summer,1912,Cycling
Summer,1912,Diving
Summer,1912,Equestrianism
Summer,1912,Fencing
Summer,1912,Football
Summer,1912,Gl Ma
Summer,1912,Gymnastics
Summer,1912,Modern Pentathlon
Summer,1912,Rowing
Summer,1912,Sailing
Summer,1912,Shooting
Summer,1912,Swimming
Summer,1912,Tennis
Summer,1912,Tug-Of-War
Summer,1912,Water Polo
Summer,1912,Wrestling
Summer,1908,Archery
Summer,1908,Athletics
Summer,1908,Bicycle Polo
Summer,1908,Boxing
Summer,1908,Cycling
Summer,1908,Diving
Summer,1908,Fencing
Summer,1908,Figure Skating
Summer,1908,Football
Summer,1908,Gl Ma
Summer,1908,Gymnastics
Summer,1908,Hockey
Summer,1908,Jeu De Paume
Summer,1908,Lacrosse
Summer,1908,Motorboating
Summer,1908,Polo
Summer,1908,Racquets
Summer,1908,Rowing
Summer,1908,Rugby
Summer,1908,Sailing
Summer,1908,Shooting
Summer,1908,Swimming
Summer,1908,Tennis
Summer,1908,Tug-Of-War
Summer,1908,Water Polo
Summer,1908,Wrestling
Summer,1906,Athletics
Summer,1906,Cycling
Summer,1906,Diving
Summer,1906,Fencing
Summer,1906,Football
Summer,1906,Gymnastics
Summer,1906,Rowing
Summer,1906,Shooting
Summer,1906,Swimming
Summer,1906,Tennis
Summer,1906,Tug-Of-War
Summer,1906,Weightlifting
Summer,1906,Wrestling
Summer,1904,Archery
Summer,1904,Athletics
Summer,1904,Basketball
Summer,1904,Boxing
Summer,1904,Cycling
Summer,1904,Diving
Summer,1904,Fencing
Summer,1904,Football
Summer,1904,Golf
Summer,1904,Gymnastics
Summer,1904,Lacrosse
Summer,1904,Roque
Summer,1904,Rowing
Summer,1904,Swimming
Summer,1904,Tennis
Summer,1904,Tug-Of-War
Summer,1904,Water Polo
Summer,1904,Weightlifting
Summer,1904,Wrestling
Summer,1900,Archery
Summer,1900,Athletics
Summer,1900,Automobile & Motorcycle Racing
Summer,1900,Ballooning
Summer,1900,Boules
Summer,1900,Cricket
Summer,1900,Croquet
Summer,1900,Cycling
Summer,1900,Equestrianism
Summer,1900,Fencing
Summer,1900,Fishing
Summer,1900,Football
Summer,1900,Golf
Summer,1900,Gymnastics
Summer,1900,Pelota
Summer,1900,Polo
Summer,1900,Rowing
Summer,1900,Rugby
Summer,1900,Sailing
Summer,1900,Shooting
Summer,1900,Swimming
Summer,1900,Tennis
Summer,1900,Tug-Of-War
Summer,1900,Water Polo
Summer,1896,Athletics
Summer,1896,Cycling
Summer,1896,Fencing
Summer,1896,Gymnastics
Summer,1896,Shooting
Summer,1896,Swimming
Summer,1896,Tennis
Summer,1896,Weightlifting
Summer,1896,Wrestling
